date,asset,level,entry_time,entry_price,direction,expiry_seconds,exit_time,exit_price,price_delta,outcome,net_pl,payout_pct,oteo_score,confidence,base_oteo_score,base_confidence,level2_score_adjustment,level2_suppressed_reason,level3_score_adjustment,level3_suppressed_reason,market_ready,adx_regime,trend_direction,cci_state,tick_health,regime_label,regime_confidence,regime_stable,regime_prior,regime_persistence,source_session,original_expiration_seconds,original_outcome,original_exit_time,original_exit_price,strategy_level,trade_id
2026-05-14,NGNUSD_otc,GHOST_REPRICE,1778801952.925,0.00074272,PUT,15,1778801967.983,0.00074282,1e-07,loss,-1.0,92.0,81.6,MEDIUM,,,,,,,,,,,,,,,,,auto_ghost_1778794718,60,win,1778802013.671,0.00074265,level3,ghost-d41ee2dbe91f
2026-05-14,NGNUSD_otc,GHOST_REPRICE,1778801952.925,0.00074272,PUT,30,1778801983.058,0.00074308,3.6e-07,loss,-1.0,92.0,81.6,MEDIUM,,,,,,,,,,,,,,,,,auto_ghost_1778794718,60,win,1778802013.671,0.00074265,level3,ghost-d41ee2dbe91f
2026-05-14,NGNUSD_otc,GHOST_REPRICE,1778801952.925,0.00074272,PUT,60,1778802013.17,0.00074265,-7e-08,win,0.92,92.0,81.6,MEDIUM,,,,,,,,,,,,,,,,,auto_ghost_1778794718,60,win,1778802013.671,0.00074265,level3,ghost-d41ee2dbe91f
2026-05-14,ZARUSD_otc,GHOST_REPRICE,1778801971.017,0.061766,CALL,15,1778801986.06,0.061756,-1e-05,loss,-1.0,92.0,81.6,MEDIUM,,,,,,,,,,,,,,,,,auto_ghost_1778794718,60,loss,1778802031.7,0.061729,level3,ghost-ef0f52c54c18
2026-05-14,ZARUSD_otc,GHOST_REPRICE,1778801971.017,0.061766,CALL,30,1778802001.134,0.061747,-1.9e-05,loss,-1.0,92.0,81.6,MEDIUM,,,,,,,,,,,,,,,,,auto_ghost_1778794718,60,loss,1778802031.7,0.061729,level3,ghost-ef0f52c54c18
2026-05-14,ZARUSD_otc,GHOST_REPRICE,1778801971.017,0.061766,CALL,60,1778802031.199,0.061729,-3.7e-05,loss,-1.0,92.0,81.6,MEDIUM,,,,,,,,,,,,,,,,,auto_ghost_1778794718,60,loss,1778802031.7,0.061729,level3,ghost-ef0f52c54c18
2026-05-14,AUDNZD_otc,GHOST_REPRICE,1778802023.676,1.26538,CALL,15,1778802038.745,1.26595,0.00057,win,0.92,92.0,85.5,MEDIUM,,,,,,,,,,,,,,,,,auto_ghost_1778794718,60,win,1778802084.339,1.26729,level3,ghost-23e1b506a964
2026-05-14,AUDNZD_otc,GHOST_REPRICE,1778802023.676,1.26538,CALL,30,1778802053.772,1.26659,0.00121,win,0.92,92.0,85.5,MEDIUM,,,,,,,,,,,,,,,,,auto_ghost_1778794718,60,win,1778802084.339,1.26729,level3,ghost-23e1b506a964
2026-05-14,AUDNZD_otc,GHOST_REPRICE,1778802023.676,1.26538,CALL,60,1778802083.838,1.26699,0.00161,win,0.92,92.0,85.5,MEDIUM,,,,,,,,,,,,,,,,,auto_ghost_1778794718,60,win,1778802084.339,1.26729,level3,ghost-23e1b506a964
2026-05-14,NGNUSD_otc,GHOST_REPRICE,1778802082.829,0.00074186,CALL,15,1778802097.902,0.0007423,4.4e-07,win,0.92,92.0,81.6,MEDIUM,,,,,,,,,,,,,,,,,auto_ghost_1778794718,60,win,1778802143.512,0.00074265,level3,ghost-4643adb6f415
2026-05-14,NGNUSD_otc,GHOST_REPRICE,1778802082.829,0.00074186,CALL,30,1778802112.931,0.00074268,8.2e-07,win,0.92,92.0,81.6,MEDIUM,,,,,,,,,,,,,,,,,auto_ghost_1778794718,60,win,1778802143.512,0.00074265,level3,ghost-4643adb6f415
2026-05-14,NGNUSD_otc,GHOST_REPRICE,1778802082.829,0.00074186,CALL,60,1778802143.027,0.00074256,7e-07,win,0.92,92.0,81.6,MEDIUM,,,,,,,,,,,,,,,,,auto_ghost_1778794718,60,win,1778802143.512,0.00074265,level3,ghost-4643adb6f415
2026-05-14,ZARUSD_otc,GHOST_REPRICE,1778802105.939,0.061661,CALL,15,1778802120.984,0.061655,-6e-06,loss,-1.0,92.0,81.6,MEDIUM,,,,,,,,,,,,,,,,,auto_ghost_1778794718,60,loss,1778802166.641,0.061652,level3,ghost-1afb0721cefa
2026-05-14,ZARUSD_otc,GHOST_REPRICE,1778802105.939,0.061661,CALL,30,1778802135.992,0.061679,1.8e-05,win,0.92,92.0,81.6,MEDIUM,,,,,,,,,,,,,,,,,auto_ghost_1778794718,60,loss,1778802166.641,0.061652,level3,ghost-1afb0721cefa
2026-05-14,ZARUSD_otc,GHOST_REPRICE,1778802105.939,0.061661,CALL,60,1778802166.142,0.061654,-7e-06,loss,-1.0,92.0,81.6,MEDIUM,,,,,,,,,,,,,,,,,auto_ghost_1778794718,60,loss,1778802166.641,0.061652,level3,ghost-1afb0721cefa
2026-05-14,AUDCAD_otc,GHOST_REPRICE,1778802110.925,1.00791,PUT,15,1778802125.987,1.00777,-0.00014,win,0.92,92.0,93.4,MEDIUM,,,,,,,,,,,,,,,,,auto_ghost_1778794718,60,win,1778802171.638,1.00759,level3,ghost-de3d9880bbd3
2026-05-14,AUDCAD_otc,GHOST_REPRICE,1778802110.925,1.00791,PUT,30,1778802140.99,1.00755,-0.00036,win,0.92,92.0,93.4,MEDIUM,,,,,,,,,,,,,,,,,auto_ghost_1778794718,60,win,1778802171.638,1.00759,level3,ghost-de3d9880bbd3
2026-05-14,AUDCAD_otc,GHOST_REPRICE,1778802110.925,1.00791,PUT,60,1778802171.129,1.00763,-0.00028,win,0.92,92.0,93.4,MEDIUM,,,,,,,,,,,,,,,,,auto_ghost_1778794718,60,win,1778802171.638,1.00759,level3,ghost-de3d9880bbd3
2026-05-14,NGNUSD_otc,GHOST_REPRICE,1778802186.67,0.00074273,PUT,15,1778802201.695,0.00074224,-4.9e-07,win,0.92,92.0,81.6,MEDIUM,,,,,,,,,,,,,,,,,auto_ghost_1778794718,60,win,1778802247.29,0.00074252,level3,ghost-f1b41efa673d
2026-05-14,NGNUSD_otc,GHOST_REPRICE,1778802186.67,0.00074273,PUT,30,1778802216.785,0.00074258,-1.5e-07,win,0.92,92.0,81.6,MEDIUM,,,,,,,,,,,,,,,,,auto_ghost_1778794718,60,win,1778802247.29,0.00074252,level3,ghost-f1b41efa673d
2026-05-14,NGNUSD_otc,GHOST_REPRICE,1778802186.67,0.00074273,PUT,60,1778802246.791,0.00074255,-1.8e-07,win,0.92,92.0,81.6,MEDIUM,,,,,,,,,,,,,,,,,auto_ghost_1778794718,60,win,1778802247.29,0.00074252,level3,ghost-f1b41efa673d
2026-05-14,AUDCAD_otc,GHOST_REPRICE,1778802230.759,1.00813,PUT,15,1778802245.801,1.00868,0.00055,loss,-1.0,92.0,95.2,MEDIUM,,,,,,,,,,,,,,,,,auto_ghost_1778794718,60,loss,1778802291.175,1.00899,level3,ghost-bab3cbc23175
2026-05-14,AUDCAD_otc,GHOST_REPRICE,1778802230.759,1.00813,PUT,30,1778802260.811,1.00863,0.0005,loss,-1.0,92.0,95.2,MEDIUM,,,,,,,,,,,,,,,,,auto_ghost_1778794718,60,loss,1778802291.175,1.00899,level3,ghost-bab3cbc23175
2026-05-14,AUDCAD_otc,GHOST_REPRICE,1778802230.759,1.00813,PUT,60,1778802290.831,1.00899,0.00086,loss,-1.0,92.0,95.2,MEDIUM,,,,,,,,,,,,,,,,,auto_ghost_1778794718,60,loss,1778802291.175,1.00899,level3,ghost-bab3cbc23175
2026-05-14,NGNUSD_otc,GHOST_REPRICE,1778802294.176,0.00074241,CALL,15,1778802309.184,0.00074206,-3.5e-07,loss,-1.0,92.0,81.6,MEDIUM,,,,,,,,,,,,,,,,,auto_ghost_1778794718,60,loss,1778802354.96,0.00074173,level3,ghost-0c10f9381893
2026-05-14,NGNUSD_otc,GHOST_REPRICE,1778802294.176,0.00074241,CALL,30,1778802324.189,0.00074175,-6.6e-07,loss,-1.0,92.0,81.6,MEDIUM,,,,,,,,,,,,,,,,,auto_ghost_1778794718,60,loss,1778802354.96,0.00074173,level3,ghost-0c10f9381893
2026-05-14,NGNUSD_otc,GHOST_REPRICE,1778802294.176,0.00074241,CALL,60,1778802354.205,0.00074175,-6.6e-07,loss,-1.0,92.0,81.6,MEDIUM,,,,,,,,,,,,,,,,,auto_ghost_1778794718,60,loss,1778802354.96,0.00074173,level3,ghost-0c10f9381893
2026-05-14,NGNUSD_otc,GHOST_REPRICE,1778802491.697,0.0007418,PUT,15,1778802506.703,0.00074204,2.4e-07,loss,-1.0,92.0,69.6,MEDIUM,,,,,,,,,,,,,,,,,auto_ghost_1778794718,60,loss,1778802552.283,0.00074253,level3,ghost-c4cb3965d991
2026-05-14,NGNUSD_otc,GHOST_REPRICE,1778802491.697,0.0007418,PUT,30,1778802521.744,0.00074224,4.4e-07,loss,-1.0,92.0,69.6,MEDIUM,,,,,,,,,,,,,,,,,auto_ghost_1778794718,60,loss,1778802552.283,0.00074253,level3,ghost-c4cb3965d991
2026-05-14,NGNUSD_otc,GHOST_REPRICE,1778802491.697,0.0007418,PUT,60,1778802551.825,0.00074253,7.3e-07,loss,-1.0,92.0,69.6,MEDIUM,,,,,,,,,,,,,,,,,auto_ghost_1778794718,60,loss,1778802552.283,0.00074253,level3,ghost-c4cb3965d991
2026-05-14,AUDCAD_otc,GHOST_REPRICE,1778802547.774,1.00777,CALL,15,1778802562.841,1.00777,0.0,draw,0.0,92.0,88.0,MEDIUM,,,,,,,,,,,,,,,,,auto_ghost_1778794718,60,win,1778802608.428,1.00792,level3,ghost-ba52f2b348ba
2026-05-14,AUDCAD_otc,GHOST_REPRICE,1778802547.774,1.00777,CALL,30,1778802577.883,1.00752,-0.00025,loss,-1.0,92.0,88.0,MEDIUM,,,,,,,,,,,,,,,,,auto_ghost_1778794718,60,win,1778802608.428,1.00792,level3,ghost-ba52f2b348ba
2026-05-14,AUDCAD_otc,GHOST_REPRICE,1778802547.774,1.00777,CALL,60,1778802607.948,1.00792,0.00015,win,0.92,92.0,88.0,MEDIUM,,,,,,,,,,,,,,,,,auto_ghost_1778794718,60,win,1778802608.428,1.00792,level3,ghost-ba52f2b348ba
2026-05-14,NGNUSD_otc,GHOST_REPRICE,1778802622.525,0.00074263,PUT,15,1778802637.564,0.00074277,1.4e-07,loss,-1.0,92.0,88.0,MEDIUM,,,,,,,,,,,,,,,,,auto_ghost_1778794718,60,loss,1778802683.133,0.00074277,level3,ghost-76b1b1b6bd9c
2026-05-14,NGNUSD_otc,GHOST_REPRICE,1778802622.525,0.00074263,PUT,30,1778802652.609,0.00074268,5e-08,loss,-1.0,92.0,88.0,MEDIUM,,,,,,,,,,,,,,,,,auto_ghost_1778794718,60,loss,1778802683.133,0.00074277,level3,ghost-76b1b1b6bd9c
2026-05-14,NGNUSD_otc,GHOST_REPRICE,1778802622.525,0.00074263,PUT,60,1778802682.676,0.00074277,1.4e-07,loss,-1.0,92.0,88.0,MEDIUM,,,,,,,,,,,,,,,,,auto_ghost_1778794718,60,loss,1778802683.133,0.00074277,level3,ghost-76b1b1b6bd9c
2026-05-14,AUDCAD_otc,GHOST_REPRICE,1778802650.603,1.00681,CALL,15,1778802665.645,1.00671,-0.0001,loss,-1.0,92.0,88.0,MEDIUM,,,,,,,,,,,,,,,,,auto_ghost_1778794718,60,loss,1778802711.223,1.00641,level3,ghost-f77a818b2a4f
2026-05-14,AUDCAD_otc,GHOST_REPRICE,1778802650.603,1.00681,CALL,30,1778802680.67,1.00675,-6e-05,loss,-1.0,92.0,88.0,MEDIUM,,,,,,,,,,,,,,,,,auto_ghost_1778794718,60,loss,1778802711.223,1.00641,level3,ghost-f77a818b2a4f
2026-05-14,AUDCAD_otc,GHOST_REPRICE,1778802650.603,1.00681,CALL,60,1778802710.723,1.00647,-0.00034,loss,-1.0,92.0,88.0,MEDIUM,,,,,,,,,,,,,,,,,auto_ghost_1778794718,60,loss,1778802711.223,1.00641,level3,ghost-f77a818b2a4f
2026-05-14,NGNUSD_otc,GHOST_REPRICE,1778802802.964,0.00074257,PUT,15,1778802818.022,0.00074239,-1.8e-07,win,0.92,92.0,78.6,MEDIUM,,,,,,,,,,,,,,,,,auto_ghost_1778794718,60,win,1778802863.613,0.00074211,level3,ghost-d11cf7dee029
2026-05-14,NGNUSD_otc,GHOST_REPRICE,1778802802.964,0.00074257,PUT,30,1778802833.015,0.00074228,-2.9e-07,win,0.92,92.0,78.6,MEDIUM,,,,,,,,,,,,,,,,,auto_ghost_1778794718,60,win,1778802863.613,0.00074211,level3,ghost-d11cf7dee029
2026-05-14,NGNUSD_otc,GHOST_REPRICE,1778802802.964,0.00074257,PUT,60,1778802863.113,0.0007421,-4.7e-07,win,0.92,92.0,78.6,MEDIUM,,,,,,,,,,,,,,,,,auto_ghost_1778794718,60,win,1778802863.613,0.00074211,level3,ghost-d11cf7dee029
2026-05-14,AUDCAD_otc,GHOST_REPRICE,1778803041.079,1.00568,CALL,15,1778803056.12,1.00588,0.0002,win,0.92,92.0,92.0,MEDIUM,,,,,,,,,,,,,,,,,auto_ghost_1778794718,60,win,1778803101.826,1.00727,level3,ghost-03822c146316
2026-05-14,AUDCAD_otc,GHOST_REPRICE,1778803041.079,1.00568,CALL,30,1778803071.163,1.00625,0.00057,win,0.92,92.0,92.0,MEDIUM,,,,,,,,,,,,,,,,,auto_ghost_1778794718,60,win,1778803101.826,1.00727,level3,ghost-03822c146316
2026-05-14,AUDCAD_otc,GHOST_REPRICE,1778803041.079,1.00568,CALL,60,1778803101.326,1.00725,0.00157,win,0.92,92.0,92.0,MEDIUM,,,,,,,,,,,,,,,,,auto_ghost_1778794718,60,win,1778803101.826,1.00727,level3,ghost-03822c146316
2026-05-14,AUDNZD_otc,GHOST_REPRICE,1778803078.666,1.26574,CALL,15,1778803093.785,1.26662,0.00088,win,0.92,92.0,70.7,MEDIUM,,,,,,,,,,,,,,,,,auto_ghost_1778794718,60,win,1778803139.31,1.26725,level3,ghost-438ff6b76c2e
2026-05-14,AUDNZD_otc,GHOST_REPRICE,1778803078.666,1.26574,CALL,30,1778803108.842,1.2662,0.00046,win,0.92,92.0,70.7,MEDIUM,,,,,,,,,,,,,,,,,auto_ghost_1778794718,60,win,1778803139.31,1.26725,level3,ghost-438ff6b76c2e
2026-05-14,AUDNZD_otc,GHOST_REPRICE,1778803078.666,1.26574,CALL,60,1778803138.855,1.26725,0.00151,win,0.92,92.0,70.7,MEDIUM,,,,,,,,,,,,,,,,,auto_ghost_1778794718,60,win,1778803139.31,1.26725,level3,ghost-438ff6b76c2e
2026-05-15,NGNUSD_otc,GHOST_REPRICE,1778803296.203,0.00074001,PUT,15,1778803311.247,0.00073997,-4e-08,win,0.92,92.0,73.6,MEDIUM,,,,,,,,,,,,,,,,,auto_ghost_1778794718,60,loss,1778803357.19,0.00074032,level3,ghost-db1cee2996ea
2026-05-15,NGNUSD_otc,GHOST_REPRICE,1778803296.203,0.00074001,PUT,30,1778803326.272,0.00073998,-3e-08,win,0.92,92.0,73.6,MEDIUM,,,,,,,,,,,,,,,,,auto_ghost_1778794718,60,loss,1778803357.19,0.00074032,level3,ghost-db1cee2996ea
2026-05-15,NGNUSD_otc,GHOST_REPRICE,1778803296.203,0.00074001,PUT,60,1778803356.324,0.0007403,2.9e-07,loss,-1.0,92.0,73.6,MEDIUM,,,,,,,,,,,,,,,,,auto_ghost_1778794718,60,loss,1778803357.19,0.00074032,level3,ghost-db1cee2996ea
2026-05-15,AUDCAD_otc,GHOST_REPRICE,1778803548.689,1.00697,CALL,15,1778803564.185,1.00688,-9e-05,loss,-1.0,92.0,78.6,MEDIUM,,,,,,,,,,,,,,,,,auto_ghost_1778794718,60,loss,1778803609.263,1.00651,level3,ghost-7f754f139625
2026-05-15,AUDCAD_otc,GHOST_REPRICE,1778803548.689,1.00697,CALL,30,1778803578.695,1.00651,-0.00046,loss,-1.0,92.0,78.6,MEDIUM,,,,,,,,,,,,,,,,,auto_ghost_1778794718,60,loss,1778803609.263,1.00651,level3,ghost-7f754f139625
2026-05-15,AUDCAD_otc,GHOST_REPRICE,1778803548.689,1.00697,CALL,60,1778803608.779,1.00653,-0.00044,loss,-1.0,92.0,78.6,MEDIUM,,,,,,,,,,,,,,,,,auto_ghost_1778794718,60,loss,1778803609.263,1.00651,level3,ghost-7f754f139625
2026-05-15,NGNUSD_otc,GHOST_REPRICE,1778803643.294,0.00073994,PUT,15,1778803658.319,0.00073994,0.0,draw,0.0,92.0,68.6,MEDIUM,,,,,,,,,,,,,,,,,auto_ghost_1778794718,60,win,1778803704.114,0.00073919,level3,ghost-a6e1c810d7e4
2026-05-15,NGNUSD_otc,GHOST_REPRICE,1778803643.294,0.00073994,PUT,30,1778803673.36,0.00073963,-3.1e-07,win,0.92,92.0,68.6,MEDIUM,,,,,,,,,,,,,,,,,auto_ghost_1778794718,60,win,1778803704.114,0.00073919,level3,ghost-a6e1c810d7e4
2026-05-15,NGNUSD_otc,GHOST_REPRICE,1778803643.294,0.00073994,PUT,60,1778803703.426,0.00073912,-8.2e-07,win,0.92,92.0,68.6,MEDIUM,,,,,,,,,,,,,,,,,auto_ghost_1778794718,60,win,1778803704.114,0.00073919,level3,ghost-a6e1c810d7e4
2026-05-15,EURUSD_otc,GHOST_REPRICE,1778803724.952,1.20804,CALL,15,1778803739.994,1.2081,6e-05,win,0.92,92.0,81.6,MEDIUM,,,,,,,,,,,,,,,,,auto_ghost_1778794718,60,win,1778803785.56,1.20828,level3,ghost-6a427636b6f5
2026-05-15,EURUSD_otc,GHOST_REPRICE,1778803724.952,1.20804,CALL,30,1778803755.068,1.20811,7e-05,win,0.92,92.0,81.6,MEDIUM,,,,,,,,,,,,,,,,,auto_ghost_1778794718,60,win,1778803785.56,1.20828,level3,ghost-6a427636b6f5
2026-05-15,EURUSD_otc,GHOST_REPRICE,1778803724.952,1.20804,CALL,60,1778803785.059,1.20834,0.0003,win,0.92,92.0,81.6,MEDIUM,,,,,,,,,,,,,,,,,auto_ghost_1778794718,60,win,1778803785.56,1.20828,level3,ghost-6a427636b6f5
2026-05-15,EURUSD_otc,GHOST_REPRICE,1778803846.621,1.2078,CALL,15,1778803861.632,1.20761,-0.00019,loss,-1.0,92.0,94.7,MEDIUM,,,,,,,,,,,,,,,,,auto_ghost_1778794718,60,loss,1778803907.223,1.20711,level3,ghost-c36e2093a900
2026-05-15,EURUSD_otc,GHOST_REPRICE,1778803846.621,1.2078,CALL,30,1778803876.643,1.20738,-0.00042,loss,-1.0,92.0,94.7,MEDIUM,,,,,,,,,,,,,,,,,auto_ghost_1778794718,60,loss,1778803907.223,1.20711,level3,ghost-c36e2093a900
2026-05-15,EURUSD_otc,GHOST_REPRICE,1778803846.621,1.2078,CALL,60,1778803906.723,1.20717,-0.00063,loss,-1.0,92.0,94.7,MEDIUM,,,,,,,,,,,,,,,,,auto_ghost_1778794718,60,loss,1778803907.223,1.20711,level3,ghost-c36e2093a900
2026-05-15,AUDCAD_otc,GHOST_REPRICE,1778803925.311,1.00659,CALL,15,1778803940.803,1.0067,0.00011,win,0.91,91.0,84.6,MEDIUM,,,,,,,,,,,,,,,,,auto_ghost_1778794718,60,win,1778803986.221,1.00678,level3,ghost-977a7d6ea5ec
2026-05-15,AUDCAD_otc,GHOST_REPRICE,1778803925.311,1.00659,CALL,30,1778803955.809,1.00657,-2e-05,loss,-1.0,91.0,84.6,MEDIUM,,,,,,,,,,,,,,,,,auto_ghost_1778794718,60,win,1778803986.221,1.00678,level3,ghost-977a7d6ea5ec
2026-05-15,AUDCAD_otc,GHOST_REPRICE,1778803925.311,1.00659,CALL,60,1778803985.406,1.00667,8e-05,win,0.91,91.0,84.6,MEDIUM,,,,,,,,,,,,,,,,,auto_ghost_1778794718,60,win,1778803986.221,1.00678,level3,ghost-977a7d6ea5ec
2026-05-15,EURUSD_otc,GHOST_REPRICE,1778803999.96,1.20697,CALL,15,1778804015.453,1.20703,6e-05,win,0.92,92.0,83.9,MEDIUM,,,,,,,,,,,,,,,,,auto_ghost_1778794718,60,win,1778804060.539,1.20718,level3,ghost-16159c0c332c
2026-05-15,EURUSD_otc,GHOST_REPRICE,1778803999.96,1.20697,CALL,30,1778804029.978,1.20706,9e-05,win,0.92,92.0,83.9,MEDIUM,,,,,,,,,,,,,,,,,auto_ghost_1778794718,60,win,1778804060.539,1.20718,level3,ghost-16159c0c332c
2026-05-15,EURUSD_otc,GHOST_REPRICE,1778803999.96,1.20697,CALL,60,1778804060.052,1.20723,0.00026,win,0.92,92.0,83.9,MEDIUM,,,,,,,,,,,,,,,,,auto_ghost_1778794718,60,win,1778804060.539,1.20718,level3,ghost-16159c0c332c
2026-05-15,NGNUSD_otc,GHOST_REPRICE,1778804010.955,0.0007385,PUT,15,1778804025.979,0.00073875,2.5e-07,loss,-1.0,92.0,73.6,MEDIUM,,,,,,,,,,,,,,,,,auto_ghost_1778794718,60,win,1778804071.632,0.00073843,level3,ghost-a1428bd3240c
2026-05-15,NGNUSD_otc,GHOST_REPRICE,1778804010.955,0.0007385,PUT,30,1778804040.971,0.00073881,3.1e-07,loss,-1.0,92.0,73.6,MEDIUM,,,,,,,,,,,,,,,,,auto_ghost_1778794718,60,win,1778804071.632,0.00073843,level3,ghost-a1428bd3240c
2026-05-15,NGNUSD_otc,GHOST_REPRICE,1778804010.955,0.0007385,PUT,60,1778804071.131,0.00073846,-4e-08,win,0.92,92.0,73.6,MEDIUM,,,,,,,,,,,,,,,,,auto_ghost_1778794718,60,win,1778804071.632,0.00073843,level3,ghost-a1428bd3240c
2026-05-15,AUDCAD_otc,GHOST_REPRICE,1778804042.467,1.00641,CALL,15,1778804057.522,1.00622,-0.00019,loss,-1.0,91.0,92.8,HIGH,,,,,,,,,,,,,,,,,auto_ghost_1778794718,60,loss,1778804103.267,1.00563,level3,ghost-e2b79daa83ee
2026-05-15,AUDCAD_otc,GHOST_REPRICE,1778804042.467,1.00641,CALL,30,1778804072.625,1.00589,-0.00052,loss,-1.0,91.0,92.8,HIGH,,,,,,,,,,,,,,,,,auto_ghost_1778794718,60,loss,1778804103.267,1.00563,level3,ghost-e2b79daa83ee
2026-05-15,AUDCAD_otc,GHOST_REPRICE,1778804042.467,1.00641,CALL,60,1778804102.772,1.00563,-0.00078,loss,-1.0,91.0,92.8,HIGH,,,,,,,,,,,,,,,,,auto_ghost_1778794718,60,loss,1778804103.267,1.00563,level3,ghost-e2b79daa83ee
2026-05-15,NGNUSD_otc,GHOST_REPRICE,1778804123.868,0.00073895,PUT,15,1778804138.88,0.00073882,-1.3e-07,win,0.92,92.0,76.6,MEDIUM,,,,,,,,,,,,,,,,,auto_ghost_1778794718,60,win,1778804184.535,0.00073876,level3,ghost-d81116601cf5
2026-05-15,NGNUSD_otc,GHOST_REPRICE,1778804123.868,0.00073895,PUT,30,1778804153.921,0.00073875,-2e-07,win,0.92,92.0,76.6,MEDIUM,,,,,,,,,,,,,,,,,auto_ghost_1778794718,60,win,1778804184.535,0.00073876,level3,ghost-d81116601cf5
2026-05-15,NGNUSD_otc,GHOST_REPRICE,1778804123.868,0.00073895,PUT,60,1778804184.036,0.00073874,-2.1e-07,win,0.92,92.0,76.6,MEDIUM,,,,,,,,,,,,,,,,,auto_ghost_1778794718,60,win,1778804184.535,0.00073876,level3,ghost-d81116601cf5
2026-05-15,EURUSD_otc,GHOST_REPRICE,1778804175.979,1.20728,PUT,15,1778804191.084,1.20743,0.00015,loss,-1.0,92.0,95.9,MEDIUM,,,,,,,,,,,,,,,,,auto_ghost_1778794718,60,win,1778804236.695,1.20702,level3,ghost-23296887b77e
2026-05-15,EURUSD_otc,GHOST_REPRICE,1778804175.979,1.20728,PUT,30,1778804206.11,1.20739,0.00011,loss,-1.0,92.0,95.9,MEDIUM,,,,,,,,,,,,,,,,,auto_ghost_1778794718,60,win,1778804236.695,1.20702,level3,ghost-23296887b77e
2026-05-15,EURUSD_otc,GHOST_REPRICE,1778804175.979,1.20728,PUT,60,1778804236.195,1.20703,-0.00025,win,0.92,92.0,95.9,MEDIUM,,,,,,,,,,,,,,,,,auto_ghost_1778794718,60,win,1778804236.695,1.20702,level3,ghost-23296887b77e
2026-05-15,NGNUSD_otc,GHOST_REPRICE,1778804312.146,0.00073944,PUT,15,1778804327.458,0.00073915,-2.9e-07,win,0.92,92.0,77.6,MEDIUM,,,,,,,,,,,,,,,,,auto_ghost_1778794718,60,loss,1778804373.017,0.00073947,level3,ghost-958dbf09c8d9
2026-05-15,NGNUSD_otc,GHOST_REPRICE,1778804312.146,0.00073944,PUT,30,1778804342.469,0.0007393,-1.4e-07,win,0.92,92.0,77.6,MEDIUM,,,,,,,,,,,,,,,,,auto_ghost_1778794718,60,loss,1778804373.017,0.00073947,level3,ghost-958dbf09c8d9
2026-05-15,NGNUSD_otc,GHOST_REPRICE,1778804312.146,0.00073944,PUT,60,1778804372.518,0.00073945,1e-08,loss,-1.0,92.0,77.6,MEDIUM,,,,,,,,,,,,,,,,,auto_ghost_1778794718,60,loss,1778804373.017,0.00073947,level3,ghost-958dbf09c8d9
2026-05-15,EURUSD_otc,GHOST_REPRICE,1778804320.933,1.20703,CALL,15,1778804335.974,1.20699,-4e-05,loss,-1.0,92.0,85.5,MEDIUM,,,,,,,,,,,,,,,,,auto_ghost_1778794718,60,loss,1778804381.522,1.20698,level3,ghost-1c76da8eb241
2026-05-15,EURUSD_otc,GHOST_REPRICE,1778804320.933,1.20703,CALL,30,1778804350.985,1.20695,-8e-05,loss,-1.0,92.0,85.5,MEDIUM,,,,,,,,,,,,,,,,,auto_ghost_1778794718,60,loss,1778804381.522,1.20698,level3,ghost-1c76da8eb241
2026-05-15,EURUSD_otc,GHOST_REPRICE,1778804320.933,1.20703,CALL,60,1778804381.021,1.207,-3e-05,loss,-1.0,92.0,85.5,MEDIUM,,,,,,,,,,,,,,,,,auto_ghost_1778794718,60,loss,1778804381.522,1.20698,level3,ghost-1c76da8eb241
2026-05-15,EURUSD_otc,GHOST_REPRICE,1778804449.826,1.2075,PUT,15,1778804464.837,1.20756,6e-05,loss,-1.0,92.0,85.0,MEDIUM,,,,,,,,,,,,,,,,,auto_ghost_1778794718,60,loss,1778804510.583,1.20758,level3,ghost-5c192956f77a
2026-05-15,EURUSD_otc,GHOST_REPRICE,1778804449.826,1.2075,PUT,30,1778804479.969,1.20768,0.00018,loss,-1.0,92.0,85.0,MEDIUM,,,,,,,,,,,,,,,,,auto_ghost_1778794718,60,loss,1778804510.583,1.20758,level3,ghost-5c192956f77a
2026-05-15,EURUSD_otc,GHOST_REPRICE,1778804449.826,1.2075,PUT,60,1778804510.083,1.20759,9e-05,loss,-1.0,92.0,85.0,MEDIUM,,,,,,,,,,,,,,,,,auto_ghost_1778794718,60,loss,1778804510.583,1.20758,level3,ghost-5c192956f77a
2026-05-15,NGNUSD_otc,GHOST_REPRICE,1778804576.161,0.00073893,PUT,15,1778804591.201,0.00073925,3.2e-07,loss,-1.0,92.0,73.6,MEDIUM,,,,,,,,,,,,,,,,,auto_ghost_1778794718,60,loss,1778804636.697,0.00073921,level3,ghost-8224685204de
2026-05-15,NGNUSD_otc,GHOST_REPRICE,1778804576.161,0.00073893,PUT,30,1778804606.195,0.00073918,2.5e-07,loss,-1.0,92.0,73.6,MEDIUM,,,,,,,,,,,,,,,,,auto_ghost_1778794718,60,loss,1778804636.697,0.00073921,level3,ghost-8224685204de
2026-05-15,NGNUSD_otc,GHOST_REPRICE,1778804576.161,0.00073893,PUT,60,1778804636.21,0.00073925,3.2e-07,loss,-1.0,92.0,73.6,MEDIUM,,,,,,,,,,,,,,,,,auto_ghost_1778794718,60,loss,1778804636.697,0.00073921,level3,ghost-8224685204de
2026-05-15,EURUSD_otc,GHOST_REPRICE,1778804644.729,1.20784,PUT,15,1778804659.768,1.20787,3e-05,loss,-1.0,92.0,84.5,MEDIUM,,,,,,,,,,,,,,,,,auto_ghost_1778794718,60,win,1778804705.319,1.20747,level3,ghost-54f27e8751c6
2026-05-15,EURUSD_otc,GHOST_REPRICE,1778804644.729,1.20784,PUT,30,1778804674.777,1.20776,-8e-05,win,0.92,92.0,84.5,MEDIUM,,,,,,,,,,,,,,,,,auto_ghost_1778794718,60,win,1778804705.319,1.20747,level3,ghost-54f27e8751c6
2026-05-15,EURUSD_otc,GHOST_REPRICE,1778804644.729,1.20784,PUT,60,1778804704.876,1.20747,-0.00037,win,0.92,92.0,84.5,MEDIUM,,,,,,,,,,,,,,,,,auto_ghost_1778794718,60,win,1778804705.319,1.20747,level3,ghost-54f27e8751c6
2026-05-15,EURUSD_otc,GHOST_REPRICE,1778804768.994,1.20772,PUT,15,1778804784.034,1.20766,-6e-05,win,0.92,92.0,86.0,MEDIUM,,,,,,,,,,,,,,,,,auto_ghost_1778794718,60,loss,1778804829.58,1.20797,level3,ghost-62c95c214532
2026-05-15,EURUSD_otc,GHOST_REPRICE,1778804768.994,1.20772,PUT,30,1778804799.073,1.20773,1e-05,loss,-1.0,92.0,86.0,MEDIUM,,,,,,,,,,,,,,,,,auto_ghost_1778794718,60,loss,1778804829.58,1.20797,level3,ghost-62c95c214532
2026-05-15,EURUSD_otc,GHOST_REPRICE,1778804768.994,1.20772,PUT,60,1778804829.096,1.20796,0.00024,loss,-1.0,92.0,86.0,MEDIUM,,,,,,,,,,,,,,,,,auto_ghost_1778794718,60,loss,1778804829.58,1.20797,level3,ghost-62c95c214532
2026-05-15,EURUSD_otc,GHOST_REPRICE,1778804896.197,1.20795,PUT,15,1778804911.206,1.20785,-0.0001,win,0.92,92.0,90.6,MEDIUM,,,,,,,,,,,,,,,,,auto_ghost_1778794718,60,loss,1778804957.27,1.20827,level3,ghost-a03b650a000a
2026-05-15,EURUSD_otc,GHOST_REPRICE,1778804896.197,1.20795,PUT,30,1778804926.223,1.20811,0.00016,loss,-1.0,92.0,90.6,MEDIUM,,,,,,,,,,,,,,,,,auto_ghost_1778794718,60,loss,1778804957.27,1.20827,level3,ghost-a03b650a000a
2026-05-15,EURUSD_otc,GHOST_REPRICE,1778804896.197,1.20795,PUT,60,1778804956.239,1.20825,0.0003,loss,-1.0,92.0,90.6,MEDIUM,,,,,,,,,,,,,,,,,auto_ghost_1778794718,60,loss,1778804957.27,1.20827,level3,ghost-a03b650a000a
2026-05-15,NGNUSD_otc,GHOST_REPRICE,1778804944.231,0.00073763,PUT,15,1778804959.241,0.00073774,1.1e-07,loss,-1.0,92.0,73.6,MEDIUM,,,,,,,,,,,,,,,,,auto_ghost_1778794718,60,win,1778805004.831,0.00073761,level3,ghost-e0f2ca5c916a
2026-05-15,NGNUSD_otc,GHOST_REPRICE,1778804944.231,0.00073763,PUT,30,1778804974.247,0.00073774,1.1e-07,loss,-1.0,92.0,73.6,MEDIUM,,,,,,,,,,,,,,,,,auto_ghost_1778794718,60,win,1778805004.831,0.00073761,level3,ghost-e0f2ca5c916a
2026-05-15,NGNUSD_otc,GHOST_REPRICE,1778804944.231,0.00073763,PUT,60,1778805004.261,0.00073763,0.0,draw,0.0,92.0,73.6,MEDIUM,,,,,,,,,,,,,,,,,auto_ghost_1778794718,60,win,1778805004.831,0.00073761,level3,ghost-e0f2ca5c916a
2026-05-15,NGNUSD_otc,GHOST_REPRICE,1778805074.573,0.0007377,PUT,15,1778805089.594,0.00073762,-8e-08,win,0.92,92.0,67.6,MEDIUM,,,,,,,,,,,,,,,,,auto_ghost_1778794718,60,loss,1778805135.11,0.00073802,level3,ghost-a9ff253266e5
2026-05-15,NGNUSD_otc,GHOST_REPRICE,1778805074.573,0.0007377,PUT,30,1778805104.619,0.00073781,1.1e-07,loss,-1.0,92.0,67.6,MEDIUM,,,,,,,,,,,,,,,,,auto_ghost_1778794718,60,loss,1778805135.11,0.00073802,level3,ghost-a9ff253266e5
2026-05-15,NGNUSD_otc,GHOST_REPRICE,1778805074.573,0.0007377,PUT,60,1778805134.726,0.00073802,3.2e-07,loss,-1.0,92.0,67.6,MEDIUM,,,,,,,,,,,,,,,,,auto_ghost_1778794718,60,loss,1778805135.11,0.00073802,level3,ghost-a9ff253266e5
2026-05-15,EURUSD_otc,GHOST_REPRICE,1778805087.589,1.20801,PUT,15,1778805102.613,1.20796,-5e-05,win,0.92,92.0,95.6,HIGH,,,,,,,,,,,,,,,,,auto_ghost_1778794718,60,win,1778805148.275,1.20799,level3,ghost-1fb3b92180b2
2026-05-15,EURUSD_otc,GHOST_REPRICE,1778805087.589,1.20801,PUT,30,1778805117.7,1.20798,-3e-05,win,0.92,92.0,95.6,HIGH,,,,,,,,,,,,,,,,,auto_ghost_1778794718,60,win,1778805148.275,1.20799,level3,ghost-1fb3b92180b2
2026-05-15,EURUSD_otc,GHOST_REPRICE,1778805087.589,1.20801,PUT,60,1778805147.758,1.208,-1e-05,win,0.92,92.0,95.6,HIGH,,,,,,,,,,,,,,,,,auto_ghost_1778794718,60,win,1778805148.275,1.20799,level3,ghost-1fb3b92180b2
2026-05-15,NGNUSD_otc,GHOST_REPRICE,1778805231.906,0.00073821,PUT,15,1778805247.008,0.00073786,-3.5e-07,win,0.92,92.0,73.9,MEDIUM,,,,,,,,,,,,,,,,,auto_ghost_1778794718,60,win,1778805292.569,0.00073773,level3,ghost-741f141ec436
2026-05-15,NGNUSD_otc,GHOST_REPRICE,1778805231.906,0.00073821,PUT,30,1778805262.017,0.00073787,-3.4e-07,win,0.92,92.0,73.9,MEDIUM,,,,,,,,,,,,,,,,,auto_ghost_1778794718,60,win,1778805292.569,0.00073773,level3,ghost-741f141ec436
2026-05-15,NGNUSD_otc,GHOST_REPRICE,1778805231.906,0.00073821,PUT,60,1778805292.069,0.00073772,-4.9e-07,win,0.92,92.0,73.9,MEDIUM,,,,,,,,,,,,,,,,,auto_ghost_1778794718,60,win,1778805292.569,0.00073773,level3,ghost-741f141ec436
2026-05-15,EURUSD_otc,GHOST_REPRICE,1778805280.571,1.20771,CALL,15,1778805296.048,1.20738,-0.00033,loss,-1.0,92.0,100.0,HIGH,,,,,,,,,,,,,,,,,auto_ghost_1778794718,60,loss,1778805341.265,1.20766,level3,ghost-2f0c8120bdf1
2026-05-15,EURUSD_otc,GHOST_REPRICE,1778805280.571,1.20771,CALL,30,1778805311.061,1.20754,-0.00017,loss,-1.0,92.0,100.0,HIGH,,,,,,,,,,,,,,,,,auto_ghost_1778794718,60,loss,1778805341.265,1.20766,level3,ghost-2f0c8120bdf1
2026-05-15,EURUSD_otc,GHOST_REPRICE,1778805280.571,1.20771,CALL,60,1778805340.734,1.20764,-7e-05,loss,-1.0,92.0,100.0,HIGH,,,,,,,,,,,,,,,,,auto_ghost_1778794718,60,loss,1778805341.265,1.20766,level3,ghost-2f0c8120bdf1
2026-05-15,NGNUSD_otc,GHOST_REPRICE,1778805332.154,0.00073795,PUT,15,1778805347.289,0.00073836,4.1e-07,loss,-1.0,92.0,69.9,MEDIUM,,,,,,,,,,,,,,,,,auto_ghost_1778794718,60,loss,1778805393.101,0.00073882,level3,ghost-159da43575cf
2026-05-15,NGNUSD_otc,GHOST_REPRICE,1778805332.154,0.00073795,PUT,30,1778805362.487,0.00073847,5.2e-07,loss,-1.0,92.0,69.9,MEDIUM,,,,,,,,,,,,,,,,,auto_ghost_1778794718,60,loss,1778805393.101,0.00073882,level3,ghost-159da43575cf
2026-05-15,NGNUSD_otc,GHOST_REPRICE,1778805332.154,0.00073795,PUT,60,1778805392.601,0.00073879,8.4e-07,loss,-1.0,92.0,69.9,MEDIUM,,,,,,,,,,,,,,,,,auto_ghost_1778794718,60,loss,1778805393.101,0.00073882,level3,ghost-159da43575cf
2026-05-15,NGNUSD_otc,GHOST_REPRICE,1778805547.93,0.00073892,PUT,15,1778805563.018,0.00073902,1e-07,loss,-1.0,92.0,84.6,MEDIUM,,,,,,,,,,,,,,,,,auto_ghost_1778794718,60,win,1778805608.622,0.00073889,level3,ghost-7529a0ac80b3
2026-05-15,NGNUSD_otc,GHOST_REPRICE,1778805547.93,0.00073892,PUT,30,1778805578.043,0.00073922,3e-07,loss,-1.0,92.0,84.6,MEDIUM,,,,,,,,,,,,,,,,,auto_ghost_1778794718,60,win,1778805608.622,0.00073889,level3,ghost-7529a0ac80b3
2026-05-15,NGNUSD_otc,GHOST_REPRICE,1778805547.93,0.00073892,PUT,60,1778805608.093,0.00073895,3e-08,loss,-1.0,92.0,84.6,MEDIUM,,,,,,,,,,,,,,,,,auto_ghost_1778794718,60,win,1778805608.622,0.00073889,level3,ghost-7529a0ac80b3
2026-05-15,NGNUSD_otc,GHOST_REPRICE,1778805736.402,0.00073803,CALL,15,1778805751.412,0.00073792,-1.1e-07,loss,-1.0,92.0,82.6,HIGH,,,,,,,,,,,,,,,,,auto_ghost_1778794718,60,loss,1778805796.973,0.00073762,level3,ghost-8d3cad539e58
2026-05-15,NGNUSD_otc,GHOST_REPRICE,1778805736.402,0.00073803,CALL,30,1778805766.453,0.00073768,-3.5e-07,loss,-1.0,92.0,82.6,HIGH,,,,,,,,,,,,,,,,,auto_ghost_1778794718,60,loss,1778805796.973,0.00073762,level3,ghost-8d3cad539e58
2026-05-15,NGNUSD_otc,GHOST_REPRICE,1778805736.402,0.00073803,CALL,60,1778805796.474,0.00073759,-4.4e-07,loss,-1.0,92.0,82.6,HIGH,,,,,,,,,,,,,,,,,auto_ghost_1778794718,60,loss,1778805796.973,0.00073762,level3,ghost-8d3cad539e58
2026-05-15,EURUSD_otc,GHOST_REPRICE,1778805751.407,1.20674,PUT,15,1778805766.449,1.20654,-0.0002,win,0.92,92.0,85.2,HIGH,,,,,,,,,,,,,,,,,auto_ghost_1778794718,60,win,1778805812.48,1.20663,level3,ghost-3d6ddbf0f7d1
2026-05-15,EURUSD_otc,GHOST_REPRICE,1778805751.407,1.20674,PUT,30,1778805781.443,1.20658,-0.00016,win,0.92,92.0,85.2,HIGH,,,,,,,,,,,,,,,,,auto_ghost_1778794718,60,win,1778805812.48,1.20663,level3,ghost-3d6ddbf0f7d1
2026-05-15,EURUSD_otc,GHOST_REPRICE,1778805751.407,1.20674,PUT,60,1778805811.478,1.20663,-0.00011,win,0.92,92.0,85.2,HIGH,,,,,,,,,,,,,,,,,auto_ghost_1778794718,60,win,1778805812.48,1.20663,level3,ghost-3d6ddbf0f7d1
2026-05-15,EURUSD_otc,GHOST_REPRICE,1778805861.556,1.20671,PUT,15,1778805876.582,1.20698,0.00027,loss,-1.0,92.0,84.9,HIGH,,,,,,,,,,,,,,,,,auto_ghost_1778794718,60,loss,1778805922.027,1.20704,level3,ghost-f9a534a31094
2026-05-15,EURUSD_otc,GHOST_REPRICE,1778805861.556,1.20671,PUT,30,1778805891.575,1.20689,0.00018,loss,-1.0,92.0,84.9,HIGH,,,,,,,,,,,,,,,,,auto_ghost_1778794718,60,loss,1778805922.027,1.20704,level3,ghost-f9a534a31094
2026-05-15,EURUSD_otc,GHOST_REPRICE,1778805861.556,1.20671,PUT,60,1778805921.672,1.20704,0.00033,loss,-1.0,92.0,84.9,HIGH,,,,,,,,,,,,,,,,,auto_ghost_1778794718,60,loss,1778805922.027,1.20704,level3,ghost-f9a534a31094
2026-05-15,NGNUSD_otc,GHOST_REPRICE,1778805955.245,0.00073739,PUT,15,1778805970.269,0.00073739,0.0,draw,0.0,92.0,86.1,HIGH,,,,,,,,,,,,,,,,,auto_ghost_1778794718,60,loss,1778806016.079,0.00073763,level3,ghost-2cf10ffc6904
2026-05-15,NGNUSD_otc,GHOST_REPRICE,1778805955.245,0.00073739,PUT,30,1778805985.403,0.00073725,-1.4e-07,win,0.92,92.0,86.1,HIGH,,,,,,,,,,,,,,,,,auto_ghost_1778794718,60,loss,1778806016.079,0.00073763,level3,ghost-2cf10ffc6904
2026-05-15,NGNUSD_otc,GHOST_REPRICE,1778805955.245,0.00073739,PUT,60,1778806015.581,0.00073763,2.4e-07,loss,-1.0,92.0,86.1,HIGH,,,,,,,,,,,,,,,,,auto_ghost_1778794718,60,loss,1778806016.079,0.00073763,level3,ghost-2cf10ffc6904
2026-05-15,EURUSD_otc,GHOST_REPRICE,1778806004.007,1.20708,PUT,15,1778806019.077,1.20717,9e-05,loss,-1.0,92.0,87.6,HIGH,,,,,,,,,,,,,,,,,auto_ghost_1778794718,60,win,1778806064.669,1.20683,level3,ghost-06330c0c054f
2026-05-15,EURUSD_otc,GHOST_REPRICE,1778806004.007,1.20708,PUT,30,1778806034.168,1.20718,0.0001,loss,-1.0,92.0,87.6,HIGH,,,,,,,,,,,,,,,,,auto_ghost_1778794718,60,win,1778806064.669,1.20683,level3,ghost-06330c0c054f
2026-05-15,EURUSD_otc,GHOST_REPRICE,1778806004.007,1.20708,PUT,60,1778806064.169,1.20681,-0.00027,win,0.92,92.0,87.6,HIGH,,,,,,,,,,,,,,,,,auto_ghost_1778794718,60,win,1778806064.669,1.20683,level3,ghost-06330c0c054f
2026-05-15,EURUSD_otc,GHOST_REPRICE,1778806140.417,1.20721,PUT,15,1778806155.426,1.20716,-5e-05,win,0.92,92.0,100.0,HIGH,,,,,,,,,,,,,,,,,auto_ghost_1778794718,60,win,1778806201.002,1.20711,level3,ghost-2888cceeada3
2026-05-15,EURUSD_otc,GHOST_REPRICE,1778806140.417,1.20721,PUT,30,1778806170.467,1.20725,4e-05,loss,-1.0,92.0,100.0,HIGH,,,,,,,,,,,,,,,,,auto_ghost_1778794718,60,win,1778806201.002,1.20711,level3,ghost-2888cceeada3
2026-05-15,EURUSD_otc,GHOST_REPRICE,1778806140.417,1.20721,PUT,60,1778806200.502,1.20712,-9e-05,win,0.92,92.0,100.0,HIGH,,,,,,,,,,,,,,,,,auto_ghost_1778794718,60,win,1778806201.002,1.20711,level3,ghost-2888cceeada3
2026-05-15,NGNUSD_otc,GHOST_REPRICE,1778806199.508,0.00073773,PUT,15,1778806214.577,0.00073757,-1.6e-07,win,0.92,92.0,90.6,HIGH,,,,,,,,,,,,,,,,,auto_ghost_1778794718,60,win,1778806260.156,0.00073751,level3,ghost-2d183a6c9653
2026-05-15,NGNUSD_otc,GHOST_REPRICE,1778806199.508,0.00073773,PUT,30,1778806229.633,0.00073742,-3.1e-07,win,0.92,92.0,90.6,HIGH,,,,,,,,,,,,,,,,,auto_ghost_1778794718,60,win,1778806260.156,0.00073751,level3,ghost-2d183a6c9653
2026-05-15,NGNUSD_otc,GHOST_REPRICE,1778806199.508,0.00073773,PUT,60,1778806259.653,0.00073749,-2.4e-07,win,0.92,92.0,90.6,HIGH,,,,,,,,,,,,,,,,,auto_ghost_1778794718,60,win,1778806260.156,0.00073751,level3,ghost-2d183a6c9653
2026-05-15,EURUSD_otc,GHOST_REPRICE,1778806247.642,1.20759,PUT,15,1778806262.667,1.20741,-0.00018,win,0.92,92.0,100.0,HIGH,,,,,,,,,,,,,,,,,auto_ghost_1778794718,60,win,1778806308.685,1.2075,level3,ghost-1dcfc464ff3d
2026-05-15,EURUSD_otc,GHOST_REPRICE,1778806247.642,1.20759,PUT,30,1778806277.676,1.20736,-0.00023,win,0.92,92.0,100.0,HIGH,,,,,,,,,,,,,,,,,auto_ghost_1778794718,60,win,1778806308.685,1.2075,level3,ghost-1dcfc464ff3d
2026-05-15,EURUSD_otc,GHOST_REPRICE,1778806247.642,1.20759,PUT,60,1778806307.696,1.20753,-6e-05,win,0.92,92.0,100.0,HIGH,,,,,,,,,,,,,,,,,auto_ghost_1778794718,60,win,1778806308.685,1.2075,level3,ghost-1dcfc464ff3d
2026-05-15,NGNUSD_otc,GHOST_REPRICE,1778806320.693,0.0007378,PUT,15,1778806335.702,0.00073753,-2.7e-07,win,0.92,92.0,90.6,HIGH,,,,,,,,,,,,,,,,,auto_ghost_1778794718,60,win,1778806381.213,0.00073718,level3,ghost-7395814d9539
2026-05-15,NGNUSD_otc,GHOST_REPRICE,1778806320.693,0.0007378,PUT,30,1778806350.757,0.00073731,-4.9e-07,win,0.92,92.0,90.6,HIGH,,,,,,,,,,,,,,,,,auto_ghost_1778794718,60,win,1778806381.213,0.00073718,level3,ghost-7395814d9539
2026-05-15,NGNUSD_otc,GHOST_REPRICE,1778806320.693,0.0007378,PUT,60,1778806380.857,0.00073718,-6.2e-07,win,0.92,92.0,90.6,HIGH,,,,,,,,,,,,,,,,,auto_ghost_1778794718,60,win,1778806381.213,0.00073718,level3,ghost-7395814d9539
2026-05-15,EURUSD_otc,GHOST_REPRICE,1778806346.703,1.20769,PUT,15,1778806361.778,1.20764,-5e-05,win,0.92,92.0,92.6,HIGH,,,,,,,,,,,,,,,,,auto_ghost_1778794718,60,loss,1778806407.433,1.2078,level3,ghost-c13b484cfdcf
2026-05-15,EURUSD_otc,GHOST_REPRICE,1778806346.703,1.20769,PUT,30,1778806376.848,1.20773,4e-05,loss,-1.0,92.0,92.6,HIGH,,,,,,,,,,,,,,,,,auto_ghost_1778794718,60,loss,1778806407.433,1.2078,level3,ghost-c13b484cfdcf
2026-05-15,EURUSD_otc,GHOST_REPRICE,1778806346.703,1.20769,PUT,60,1778806406.913,1.20777,8e-05,loss,-1.0,92.0,92.6,HIGH,,,,,,,,,,,,,,,,,auto_ghost_1778794718,60,loss,1778806407.433,1.2078,level3,ghost-c13b484cfdcf
2026-05-15,NGNUSD_otc,GHOST_REPRICE,1778806758.449,0.00073628,PUT,15,,,,missing_exit,0.0,92.0,87.7,HIGH,,,,,,,,,,,,,,,,,auto_ghost_1778794718,60,loss,1778806766.97,0.00073638,level3,ghost-e6bad923ebbf
2026-05-15,NGNUSD_otc,GHOST_REPRICE,1778806758.449,0.00073628,PUT,30,,,,missing_exit,0.0,92.0,87.7,HIGH,,,,,,,,,,,,,,,,,auto_ghost_1778794718,60,loss,1778806766.97,0.00073638,level3,ghost-e6bad923ebbf
2026-05-15,NGNUSD_otc,GHOST_REPRICE,1778806758.449,0.00073628,PUT,60,,,,missing_exit,0.0,92.0,87.7,HIGH,,,,,,,,,,,,,,,,,auto_ghost_1778794718,60,loss,1778806766.97,0.00073638,level3,ghost-e6bad923ebbf
2026-05-15,EURCHF_otc,GHOST_REPRICE,1778806806.521,0.85815,PUT,15,1778806821.562,0.85802,-0.00013,win,0.92,92.0,99.3,MEDIUM,,,,,,,,,,,,,,,,,auto_ghost_1778794718,60,win,1778806867.128,0.8572,level3,ghost-62654e9d0404
2026-05-15,EURCHF_otc,GHOST_REPRICE,1778806806.521,0.85815,PUT,30,1778806836.569,0.85744,-0.00071,win,0.92,92.0,99.3,MEDIUM,,,,,,,,,,,,,,,,,auto_ghost_1778794718,60,win,1778806867.128,0.8572,level3,ghost-62654e9d0404
2026-05-15,EURCHF_otc,GHOST_REPRICE,1778806806.521,0.85815,PUT,60,1778806866.623,0.85724,-0.00091,win,0.92,92.0,99.3,MEDIUM,,,,,,,,,,,,,,,,,auto_ghost_1778794718,60,win,1778806867.128,0.8572,level3,ghost-62654e9d0404
2026-05-15,EURNZD_otc,GHOST_REPRICE,1778806849.112,1.8088,PUT,15,1778806864.137,1.80887,7e-05,loss,-1.0,92.0,81.6,MEDIUM,,,,,,,,,,,,,,,,,auto_ghost_1778794718,60,loss,1778806910.212,1.80893,level3,ghost-98872b00b492
2026-05-15,EURNZD_otc,GHOST_REPRICE,1778806849.112,1.8088,PUT,30,1778806879.162,1.80905,0.00025,loss,-1.0,92.0,81.6,MEDIUM,,,,,,,,,,,,,,,,,auto_ghost_1778794718,60,loss,1778806910.212,1.80893,level3,ghost-98872b00b492
2026-05-15,EURNZD_otc,GHOST_REPRICE,1778806849.112,1.8088,PUT,60,1778806909.227,1.80905,0.00025,loss,-1.0,92.0,81.6,MEDIUM,,,,,,,,,,,,,,,,,auto_ghost_1778794718,60,loss,1778806910.212,1.80893,level3,ghost-98872b00b492
2026-05-15,GBPUSD_otc,GHOST_REPRICE,1778806850.097,1.34427,CALL,15,1778806865.138,1.34454,0.00027,win,0.92,92.0,81.6,MEDIUM,,,,,,,,,,,,,,,,,auto_ghost_1778794718,60,loss,1778806910.713,1.34419,level3,ghost-de3d31169672
2026-05-15,GBPUSD_otc,GHOST_REPRICE,1778806850.097,1.34427,CALL,30,1778806880.678,1.3445,0.00023,win,0.92,92.0,81.6,MEDIUM,,,,,,,,,,,,,,,,,auto_ghost_1778794718,60,loss,1778806910.713,1.34419,level3,ghost-de3d31169672
2026-05-15,GBPUSD_otc,GHOST_REPRICE,1778806850.097,1.34427,CALL,60,1778806910.213,1.34419,-8e-05,loss,-1.0,92.0,81.6,MEDIUM,,,,,,,,,,,,,,,,,auto_ghost_1778794718,60,loss,1778806910.713,1.34419,level3,ghost-de3d31169672
2026-05-15,EURUSD_otc,GHOST_REPRICE,1778806889.682,1.20858,CALL,15,1778806904.694,1.20863,5e-05,win,0.92,92.0,81.6,MEDIUM,,,,,,,,,,,,,,,,,auto_ghost_1778794718,60,win,1778806950.231,1.20886,level3,ghost-8bef9875de8e
2026-05-15,EURUSD_otc,GHOST_REPRICE,1778806889.682,1.20858,CALL,30,1778806919.718,1.20876,0.00018,win,0.92,92.0,81.6,MEDIUM,,,,,,,,,,,,,,,,,auto_ghost_1778794718,60,win,1778806950.231,1.20886,level3,ghost-8bef9875de8e
2026-05-15,EURUSD_otc,GHOST_REPRICE,1778806889.682,1.20858,CALL,60,1778806949.907,1.20886,0.00028,win,0.92,92.0,81.6,MEDIUM,,,,,,,,,,,,,,,,,auto_ghost_1778794718,60,win,1778806950.231,1.20886,level3,ghost-8bef9875de8e
2026-05-15,EURUSD_otc,GHOST_REPRICE,1778807006.587,1.20859,CALL,15,1778807021.612,1.20866,7e-05,win,0.92,92.0,81.7,HIGH,,,,,,,,,,,,,,,,,auto_ghost_1778794718,60,loss,1778807067.119,1.20852,level3,ghost-b512d129bcc6
2026-05-15,EURUSD_otc,GHOST_REPRICE,1778807006.587,1.20859,CALL,30,1778807036.619,1.20863,4e-05,win,0.92,92.0,81.7,HIGH,,,,,,,,,,,,,,,,,auto_ghost_1778794718,60,loss,1778807067.119,1.20852,level3,ghost-b512d129bcc6
2026-05-15,EURUSD_otc,GHOST_REPRICE,1778807006.587,1.20859,CALL,60,1778807066.635,1.20853,-6e-05,loss,-1.0,92.0,81.7,HIGH,,,,,,,,,,,,,,,,,auto_ghost_1778794718,60,loss,1778807067.119,1.20852,level3,ghost-b512d129bcc6
2026-05-15,EURCHF_otc,GHOST_REPRICE,1778807007.585,0.85696,PUT,15,1778807022.617,0.8575,0.00054,loss,-1.0,92.0,90.7,MEDIUM,,,,,,,,,,,,,,,,,auto_ghost_1778794718,60,loss,1778807068.638,0.85734,level3,ghost-53cacb88824f
2026-05-15,EURCHF_otc,GHOST_REPRICE,1778807007.585,0.85696,PUT,30,1778807037.619,0.85734,0.00038,loss,-1.0,92.0,90.7,MEDIUM,,,,,,,,,,,,,,,,,auto_ghost_1778794718,60,loss,1778807068.638,0.85734,level3,ghost-53cacb88824f
2026-05-15,EURCHF_otc,GHOST_REPRICE,1778807007.585,0.85696,PUT,60,1778807067.634,0.85724,0.00028,loss,-1.0,92.0,90.7,MEDIUM,,,,,,,,,,,,,,,,,auto_ghost_1778794718,60,loss,1778807068.638,0.85734,level3,ghost-53cacb88824f
2026-05-15,GBPUSD_otc,GHOST_REPRICE,1778807148.186,1.3441,PUT,15,1778807163.227,1.34428,0.00018,loss,-1.0,92.0,81.6,MEDIUM,,,,,,,,,,,,,,,,,auto_ghost_1778794718,60,loss,1778807208.756,1.34468,level3,ghost-5026f6a6fdb9
2026-05-15,GBPUSD_otc,GHOST_REPRICE,1778807148.186,1.3441,PUT,30,1778807178.267,1.34416,6e-05,loss,-1.0,92.0,81.6,MEDIUM,,,,,,,,,,,,,,,,,auto_ghost_1778794718,60,loss,1778807208.756,1.34468,level3,ghost-5026f6a6fdb9
2026-05-15,GBPUSD_otc,GHOST_REPRICE,1778807148.186,1.3441,PUT,60,1778807208.256,1.34467,0.00057,loss,-1.0,92.0,81.6,MEDIUM,,,,,,,,,,,,,,,,,auto_ghost_1778794718,60,loss,1778807208.756,1.34468,level3,ghost-5026f6a6fdb9
2026-05-15,EURUSD_otc,GHOST_REPRICE,1778807157.19,1.20839,CALL,15,1778807172.263,1.20831,-8e-05,loss,-1.0,92.0,83.0,MEDIUM,,,,,,,,,,,,,,,,,auto_ghost_1778794718,60,loss,1778807217.778,1.20817,level3,ghost-43c3efd30bbf
2026-05-15,EURUSD_otc,GHOST_REPRICE,1778807157.19,1.20839,CALL,30,1778807187.24,1.20819,-0.0002,loss,-1.0,92.0,83.0,MEDIUM,,,,,,,,,,,,,,,,,auto_ghost_1778794718,60,loss,1778807217.778,1.20817,level3,ghost-43c3efd30bbf
2026-05-15,EURUSD_otc,GHOST_REPRICE,1778807157.19,1.20839,CALL,60,1778807217.278,1.20819,-0.0002,loss,-1.0,92.0,83.0,MEDIUM,,,,,,,,,,,,,,,,,auto_ghost_1778794718,60,loss,1778807217.778,1.20817,level3,ghost-43c3efd30bbf
2026-05-15,GBPUSD_otc,GHOST_REPRICE,1778807302.078,1.34371,CALL,15,1778807317.085,1.34367,-4e-05,loss,-1.0,92.0,83.0,MEDIUM,,,,,,,,,,,,,,,,,auto_ghost_1778794718,60,loss,1778807362.708,1.34343,level3,ghost-8aeee91185f8
2026-05-15,GBPUSD_otc,GHOST_REPRICE,1778807302.078,1.34371,CALL,30,1778807332.145,1.3437,-1e-05,loss,-1.0,92.0,83.0,MEDIUM,,,,,,,,,,,,,,,,,auto_ghost_1778794718,60,loss,1778807362.708,1.34343,level3,ghost-8aeee91185f8
2026-05-15,GBPUSD_otc,GHOST_REPRICE,1778807302.078,1.34371,CALL,60,1778807362.208,1.34344,-0.00027,loss,-1.0,92.0,83.0,MEDIUM,,,,,,,,,,,,,,,,,auto_ghost_1778794718,60,loss,1778807362.708,1.34343,level3,ghost-8aeee91185f8
2026-05-15,EURUSD_otc,GHOST_REPRICE,1778807306.579,1.20834,PUT,15,1778807321.59,1.20829,-5e-05,win,0.92,92.0,82.7,MEDIUM,,,,,,,,,,,,,,,,,auto_ghost_1778794718,60,win,1778807367.211,1.20778,level3,ghost-4098aefe11ba
2026-05-15,EURUSD_otc,GHOST_REPRICE,1778807306.579,1.20834,PUT,30,1778807336.678,1.208,-0.00034,win,0.92,92.0,82.7,MEDIUM,,,,,,,,,,,,,,,,,auto_ghost_1778794718,60,win,1778807367.211,1.20778,level3,ghost-4098aefe11ba
2026-05-15,EURUSD_otc,GHOST_REPRICE,1778807306.579,1.20834,PUT,60,1778807366.711,1.20779,-0.00055,win,0.92,92.0,82.7,MEDIUM,,,,,,,,,,,,,,,,,auto_ghost_1778794718,60,win,1778807367.211,1.20778,level3,ghost-4098aefe11ba
2026-05-15,EURUSD_otc,GHOST_REPRICE,1778807715.887,1.20772,PUT,15,1778807731.105,1.20782,0.0001,loss,-1.0,92.0,91.7,HIGH,,,,,,,,,,,,,,,,,auto_ghost_1778794718,60,win,1778807776.922,1.20756,level3,ghost-fd510d3ab06a
2026-05-15,EURUSD_otc,GHOST_REPRICE,1778807715.887,1.20772,PUT,30,1778807745.89,1.20773,1e-05,loss,-1.0,92.0,91.7,HIGH,,,,,,,,,,,,,,,,,auto_ghost_1778794718,60,win,1778807776.922,1.20756,level3,ghost-fd510d3ab06a
2026-05-15,EURUSD_otc,GHOST_REPRICE,1778807715.887,1.20772,PUT,60,1778807775.922,1.20761,-0.00011,win,0.92,92.0,91.7,HIGH,,,,,,,,,,,,,,,,,auto_ghost_1778794718,60,win,1778807776.922,1.20756,level3,ghost-fd510d3ab06a
2026-05-15,EURUSD_otc,GHOST_REPRICE,1778807855.532,1.20756,CALL,15,1778807870.637,1.20742,-0.00014,loss,-1.0,92.0,100.0,HIGH,,,,,,,,,,,,,,,,,auto_ghost_1778794718,60,loss,1778807916.241,1.20726,level3,ghost-b9e27997f1bb
2026-05-15,EURUSD_otc,GHOST_REPRICE,1778807855.532,1.20756,CALL,30,1778807885.646,1.20731,-0.00025,loss,-1.0,92.0,100.0,HIGH,,,,,,,,,,,,,,,,,auto_ghost_1778794718,60,loss,1778807916.241,1.20726,level3,ghost-b9e27997f1bb
2026-05-15,EURUSD_otc,GHOST_REPRICE,1778807855.532,1.20756,CALL,60,1778807915.741,1.20727,-0.00029,loss,-1.0,92.0,100.0,HIGH,,,,,,,,,,,,,,,,,auto_ghost_1778794718,60,loss,1778807916.241,1.20726,level3,ghost-b9e27997f1bb
2026-05-15,EURUSD_otc,GHOST_REPRICE,1778807986.187,1.20695,CALL,15,1778808001.194,1.20736,0.00041,win,0.92,92.0,82.3,MEDIUM,,,,,,,,,,,,,,,,,auto_ghost_1778794718,60,win,1778808046.872,1.20762,level3,ghost-fe62b31c8e4b
2026-05-15,EURUSD_otc,GHOST_REPRICE,1778807986.187,1.20695,CALL,30,1778808016.202,1.20726,0.00031,win,0.92,92.0,82.3,MEDIUM,,,,,,,,,,,,,,,,,auto_ghost_1778794718,60,win,1778808046.872,1.20762,level3,ghost-fe62b31c8e4b
2026-05-15,EURUSD_otc,GHOST_REPRICE,1778807986.187,1.20695,CALL,60,1778808046.225,1.2076,0.00065,win,0.92,92.0,82.3,MEDIUM,,,,,,,,,,,,,,,,,auto_ghost_1778794718,60,win,1778808046.872,1.20762,level3,ghost-fe62b31c8e4b
